YEAR,MONTH,DAY,TEAM HOME,TEAM AWAY,GAME TYPE
2024,10,4,Buffalo Sabres,New Jersey Devils,Regular
2024,10,5,New Jersey Devils,Buffalo Sabres,Regular
2024,10,8,Seattle Kraken,St. Louis Blues,Regular
2024,10,8,Florida Panthers,Boston Bruins,Regular
2024,10,8,Utah Hockey Club,Chicago Blackhawks,Regular
2024,10,9,Montreal Canadiens,Toronto Maple Leafs,Regular
2024,10,9,Pittsburgh Penguins,New York Rangers,Regular
2024,10,9,Vancouver Canucks,Calgary Flames,Regular
2024,10,9,Vegas Golden Knights,Colorado Avalanche,Regular
2024,10,9,Edmonton Oilers,Winnipeg Jets,Regular
2024,10,10,New Jersey Devils,Toronto Maple Leafs,Regular
2024,10,10,Ottawa Senators,Florida Panthers,Regular
2024,10,10,Buffalo Sabres,Los Angeles Kings,Regular
2024,10,10,Detroit Red Wings,Pittsburgh Penguins,Regular
2024,10,10,Boston Bruins,Montreal Canadiens,Regular
2024,10,10,New York Islanders,Utah Hockey Club,Regular
2024,10,10,Nashville Predators,Dallas Stars,Regular
2024,10,10,Minnesota Wild,Columbus Blue Jackets,Regular
2024,10,10,San Jose Sharks,St. Louis Blues,Regular
2024,10,11,Carolina Hurricanes,Tampa Bay Lightning,Regular
2024,10,11,Winnipeg Jets,Chicago Blackhawks,Regular
2024,10,11,Vancouver Canucks,Philadelphia Flyers,Regular
2024,10,11,Vegas Golden Knights,St. Louis Blues,Regular
2024,10,12,Boston Bruins,Los Angeles Kings,Regular
2024,10,12,Washington Capitals,New Jersey Devils,Regular
2024,10,12,Tampa Bay Lightning,Carolina Hurricanes,Regular
2024,10,12,Toronto Maple Leafs,Pittsburgh Penguins,Regular
2024,10,12,Buffalo Sabres,Florida Panthers,Regular
2024,10,12,Detroit Red Wings,Nashville Predators,Regular
2024,10,12,Montreal Canadiens,Ottawa Senators,Regular
2024,10,12,New York Rangers,Utah Hockey Club,Regular
2024,10,12,Dallas Stars,New York Islanders,Regular
2024,10,12,Minnesota Wild,Seattle Kraken,Regular
2024,10,12,Colorado Avalanche,Columbus Blue Jackets,Regular
2024,10,12,San Jose Sharks,Anaheim Ducks,Regular
2024,10,12,Calgary Flames,Philadelphia Flyers,Regular
2024,10,12,Edmonton Oilers,Chicago Blackhawks,Regular
2024,10,13,Winnipeg Jets,Minnesota Wild,Regular
2024,10,13,Edmonton Oilers,Calgary Flames,Regular
2024,10,13,Dallas Stars,Seattle Kraken,Regular
2024,10,13,Vegas Golden Knights,Anaheim Ducks,Regular
2024,10,14,Ottawa Senators,Los Angeles Kings,Regular
2024,10,14,Boston Bruins,Florida Panthers,Regular
2024,10,14,New York Rangers,Detroit Red Wings,Regular
2024,10,14,Montreal Canadiens,Pittsburgh Penguins,Regular
2024,10,14,Colorado Avalanche,New York Islanders,Regular
2024,10,14,New Jersey Devils,Utah Hockey Club,Regular
2024,10,15,Washington Capitals,Vegas Golden Knights,Regular
2024,10,15,Carolina Hurricanes,New Jersey Devils,Regular
2024,10,15,Columbus Blue Jackets,Florida Panthers,Regular
2024,10,15,Tampa Bay Lightning,Vancouver Canucks,Regular
2024,10,15,St. Louis Blues,Minnesota Wild,Regular
2024,10,15,Dallas Stars,San Jose Sharks,Regular
2024,10,15,Nashville Predators,Seattle Kraken,Regular
2024,10,15,Calgary Flames,Chicago Blackhawks,Regular
2024,10,15,Edmonton Oilers,Philadelphia Flyers,Regular
2024,10,16,Pittsburgh Penguins,Buffalo Sabres,Regular
2024,10,16,Toronto Maple Leafs,Los Angeles Kings,Regular
2024,10,16,Colorado Avalanche,Boston Bruins,Regular
2024,10,16,Anaheim Ducks,Utah Hockey Club,Regular
2024,10,17,Washington Capitals,Dallas Stars,Regular
2024,10,17,St. Louis Blues,New York Islanders,Regular
2024,10,17,Ottawa Senators,New Jersey Devils,Regular
2024,10,17,Columbus Blue Jackets,Buffalo Sabres,Regular
2024,10,17,Detroit Red Wings,New York Rangers,Regular
2024,10,17,Florida Panthers,Vancouver Canucks,Regular
2024,10,17,Montreal Canadiens,Los Angeles Kings,Regular
2024,10,17,Tampa Bay Lightning,Vegas Golden Knights,Regular
2024,10,17,Nashville Predators,Edmonton Oilers,Regular
2024,10,17,Chicago Blackhawks,San Jose Sharks,Regular
2024,10,17,Seattle Kraken,Philadelphia Flyers,Regular
2024,10,18,Winnipeg Jets,San Jose Sharks,Regular
2024,10,18,Pittsburgh Penguins,Carolina Hurricanes,Regular
2024,10,18,Colorado Avalanche,Anaheim Ducks,Regular
2024,10,19,Ottawa Senators,Tampa Bay Lightning,Regular
2024,10,19,Nashville Predators,Detroit Red Wings,Regular
2024,10,19,Dallas Stars,Edmonton Oilers,Regular
2024,10,19,Florida Panthers,Vegas Golden Knights,Regular
2024,10,19,Philadelphia Flyers,Vancouver Canucks,Regular
2024,10,19,New York Islanders,Montreal Canadiens,Regular
2024,10,19,Columbus Blue Jackets,Minnesota Wild,Regular
2024,10,19,Toronto Maple Leafs,New York Rangers,Regular
2024,10,19,Chicago Blackhawks,Buffalo Sabres,Regular
2024,10,19,St. Louis Blues,Carolina Hurricanes,Regular
2024,10,19,Utah Hockey Club,Boston Bruins,Regular
2024,10,19,Seattle Kraken,Calgary Flames,Regular
2024,10,19,New Jersey Devils,Washington Capitals,Regular
2024,10,20,Winnipeg Jets,Pittsburgh Penguins,Regular
2024,10,20,San Jose Sharks,Colorado Avalanche,Regular
2024,10,20,Anaheim Ducks,Los Angeles Kings,Regular
2024,10,21,Toronto Maple Leafs,Tampa Bay Lightning,Regular
2024,10,22,Philadelphia Flyers,Washington Capitals,Regular
2024,10,22,Florida Panthers,Minnesota Wild,Regular
2024,10,22,Buffalo Sabres,Dallas Stars,Regular
2024,10,22,Montreal Canadiens,New York Rangers,Regular
2024,10,22,Columbus Blue Jackets,Toronto Maple Leafs,Regular
2024,10,22,New York Islanders,Detroit Red Wings,Regular
2024,10,22,St. Louis Blues,Winnipeg Jets,Regular
2024,10,22,Nashville Predators,Boston Bruins,Regular
2024,10,22,Chicago Blackhawks,Vancouver Canucks,Regular
2024,10,22,Calgary Flames,Pittsburgh Penguins,Regular
2024,10,22,Edmonton Oilers,Carolina Hurricanes,Regular
2024,10,22,Utah Hockey Club,Ottawa Senators,Regular
2024,10,22,Anaheim Ducks,San Jose Sharks,Regular
2024,10,22,Seattle Kraken,Colorado Avalanche,Regular
2024,10,22,Vegas Golden Knights,Los Angeles Kings,Regular
2024,10,22,New Jersey Devils,Tampa Bay Lightning,Regular
2024,10,23,Washington Capitals,Philadelphia Flyers,Regular
2024,10,24,New York Rangers,Florida Panthers,Regular
2024,10,24,Detroit Red Wings,New Jersey Devils,Regular
2024,10,24,Tampa Bay Lightning,Minnesota Wild,Regular
2024,10,24,Toronto Maple Leafs,St. Louis Blues,Regular
2024,10,24,Boston Bruins,Dallas Stars,Regular
2024,10,24,Calgary Flames,Carolina Hurricanes,Regular
2024,10,24,Utah Hockey Club,Colorado Avalanche,Regular
2024,10,24,Seattle Kraken,Winnipeg Jets,Regular
2024,10,24,Los Angeles Kings,San Jose Sharks,Regular
2024,10,25,Vegas Golden Knights,Ottawa Senators,Regular
2024,10,25,Chicago Blackhawks,Nashville Predators,Regular
2024,10,25,Edmonton Oilers,Pittsburgh Penguins,Regular
2024,10,25,New Jersey Devils,New York Islanders,Regular
2024,10,26,Buffalo Sabres,Detroit Red Wings,Regular
2024,10,26,Philadelphia Flyers,Minnesota Wild,Regular
2024,10,26,Los Angeles Kings,Utah Hockey Club,Regular
2024,10,26,New York Rangers,Anaheim Ducks,Regular
2024,10,26,Calgary Flames,Winnipeg Jets,Regular
2024,10,26,Montreal Canadiens,St. Louis Blues,Regular
2024,10,26,Tampa Bay Lightning,Washington Capitals,Regular
2024,10,26,Boston Bruins,Toronto Maple Leafs,Regular
2024,10,26,New York Islanders,Florida Panthers,Regular
2024,10,26,Nashville Predators,Columbus Blue Jackets,Regular
2024,10,26,Dallas Stars,Chicago Blackhawks,Regular
2024,10,26,Vegas Golden Knights,San Jose Sharks,Regular
2024,10,26,Seattle Kraken,Carolina Hurricanes,Regular
2024,10,26,Vancouver Canucks,Pittsburgh Penguins,Regular
2024,10,27,Detroit Red Wings,Edmonton Oilers,Regular
2024,10,27,Philadelphia Flyers,Montreal Canadiens,Regular
2024,10,27,Colorado Avalanche,Ottawa Senators,Regular
2024,10,27,New Jersey Devils,Anaheim Ducks,Regular
2024,10,28,Winnipeg Jets,Toronto Maple Leafs,Regular
2024,10,28,Tampa Bay Lightning,Nashville Predators,Regular
2024,10,28,Buffalo Sabres,Florida Panthers,Regular
2024,10,28,Columbus Blue Jackets,Edmonton Oilers,Regular
2024,10,28,Utah Hockey Club,San Jose Sharks,Regular
2024,10,28,Colorado Avalanche,Chicago Blackhawks,Regular
2024,10,28,Vegas Golden Knights,Calgary Flames,Regular
2024,10,28,Vancouver Canucks,Carolina Hurricanes,Regular
2024,10,29,Washington Capitals,New York Rangers,Regular
2024,10,29,New York Islanders,Anaheim Ducks,Regular
2024,10,29,Montreal Canadiens,Seattle Kraken,Regular
2024,10,29,Ottawa Senators,St. Louis Blues,Regular
2024,10,29,Boston Bruins,Philadelphia Flyers,Regular
2024,10,29,Pittsburgh Penguins,Minnesota Wild,Regular
2024,10,29,San Jose Sharks,Los Angeles Kings,Regular
2024,10,30,Detroit Red Wings,Winnipeg Jets,Regular
2024,10,30,Colorado Avalanche,Tampa Bay Lightning,Regular
2024,10,30,Utah Hockey Club,Calgary Flames,Regular
2024,10,30,Los Angeles Kings,Vegas Golden Knights,Regular
2024,10,30,Vancouver Canucks,New Jersey Devils,Regular
2024,10,31,Washington Capitals,Montreal Canadiens,Regular
2024,10,31,Carolina Hurricanes,Boston Bruins,Regular
2024,10,31,Pittsburgh Penguins,Anaheim Ducks,Regular
2024,10,31,Columbus Blue Jackets,New York Islanders,Regular
2024,10,31,Philadelphia Flyers,St. Louis Blues,Regular
2024,10,31,Toronto Maple Leafs,Seattle Kraken,Regular
2024,10,31,Nashville Predators,Edmonton Oilers,Regular
2024,10,31,San Jose Sharks,Chicago Blackhawks,Regular
2024,11,1,New York Rangers,Ottawa Senators,Regular
2024,11,1,Buffalo Sabres,New York Islanders,Regular
2024,11,1,Columbus Blue Jackets,Winnipeg Jets,Regular
2024,11,1,Minnesota Wild,Tampa Bay Lightning,Regular
2024,11,1,Calgary Flames,New Jersey Devils,Regular
2024,11,1,Dallas Stars,Florida Panthers,Regular
2024,11,2,Washington Capitals,Columbus Blue Jackets,Regular
2024,11,2,Philadelphia Flyers,Boston Bruins,Regular
2024,11,2,Los Angeles Kings,Chicago Blackhawks,Regular
2024,11,2,Florida Panthers,Dallas Stars,Regular
2024,11,2,Detroit Red Wings,Buffalo Sabres,Regular
2024,11,2,Pittsburgh Penguins,Montreal Canadiens,Regular
2024,11,2,Ottawa Senators,Seattle Kraken,Regular
2024,11,2,St. Louis Blues,Toronto Maple Leafs,Regular
2024,11,2,Nashville Predators,Colorado Avalanche,Regular
2024,11,2,Vegas Golden Knights,Utah Hockey Club,Regular
2024,11,2,San Jose Sharks,Vancouver Canucks,Regular
2024,11,3,New York Rangers,New York Islanders,Regular
2024,11,3,Winnipeg Jets,Tampa Bay Lightning,Regular
2024,11,3,Carolina Hurricanes,Washington Capitals,Regular
2024,11,3,Minnesota Wild,Toronto Maple Leafs,Regular
2024,11,3,Boston Bruins,Seattle Kraken,Regular
2024,11,3,Calgary Flames,Edmonton Oilers,Regular
2024,11,3,Anaheim Ducks,Chicago Blackhawks,Regular
2024,11,4,Nashville Predators,Los Angeles Kings,Regular
2024,11,4,Edmonton Oilers,New Jersey Devils,Regular
2024,11,5,Carolina Hurricanes,Philadelphia Flyers,Regular
2024,11,5,Montreal Canadiens,Calgary Flames,Regular
2024,11,5,Toronto Maple Leafs,Boston Bruins,Regular
2024,11,5,Buffalo Sabres,Ottawa Senators,Regular
2024,11,5,Winnipeg Jets,Utah Hockey Club,Regular
2024,11,5,New York Islanders,Pittsburgh Penguins,Regular
2024,11,5,Minnesota Wild,Los Angeles Kings,Regular
2024,11,5,St. Louis Blues,Tampa Bay Lightning,Regular
2024,11,5,Colorado Avalanche,Seattle Kraken,Regular
2024,11,5,Anaheim Ducks,Vancouver Canucks,Regular
2024,11,5,San Jose Sharks,Columbus Blue Jackets,Regular
2024,11,6,Washington Capitals,Nashville Predators,Regular
2024,11,6,Chicago Blackhawks,Detroit Red Wings,Regular
2024,11,6,Edmonton Oilers,Vegas Golden Knights,Regular
2024,11,7,Ottawa Senators,New York Islanders,Regular
2024,11,7,Carolina Hurricanes,Pittsburgh Penguins,Regular
2024,11,7,New York Rangers,Buffalo Sabres,Regular
2024,11,7,Winnipeg Jets,Colorado Avalanche,Regular
2024,11,7,Florida Panthers,Nashville Predators,Regular
2024,11,7,Tampa Bay Lightning,Philadelphia Flyers,Regular
2024,11,7,Boston Bruins,Calgary Flames,Regular
2024,11,7,Dallas Stars,Chicago Blackhawks,Regular
2024,11,7,St. Louis Blues,Utah Hockey Club,Regular
2024,11,7,Los Angeles Kings,Vancouver Canucks,Regular
2024,11,7,San Jose Sharks,Minnesota Wild,Regular
2024,11,7,New Jersey Devils,Montreal Canadiens,Regular
2024,11,8,Washington Capitals,Pittsburgh Penguins,Regular
2024,11,8,Toronto Maple Leafs,Detroit Red Wings,Regular
2024,11,8,Seattle Kraken,Vegas Golden Knights,Regular
2024,11,8,Anaheim Ducks,Minnesota Wild,Regular
2024,11,9,Buffalo Sabres,Calgary Flames,Regular
2024,11,9,Winnipeg Jets,Dallas Stars,Regular
2024,11,9,Florida Panthers,Philadelphia Flyers,Regular
2024,11,9,Toronto Maple Leafs,Montreal Canadiens,Regular
2024,11,9,Detroit Red Wings,New York Rangers,Regular
2024,11,9,St. Louis Blues,Washington Capitals,Regular
2024,11,9,Boston Bruins,Ottawa Senators,Regular
2024,11,9,New York Islanders,New Jersey Devils,Regular
2024,11,9,Nashville Predators,Utah Hockey Club,Regular
2024,11,9,Los Angeles Kings,Columbus Blue Jackets,Regular
2024,11,9,Colorado Avalanche,Carolina Hurricanes,Regular
2024,11,9,Vancouver Canucks,Edmonton Oilers,Regular
2024,11,10,Chicago Blackhawks,Minnesota Wild,Regular
2024,11,10,Anaheim Ducks,Columbus Blue Jackets,Regular
2024,11,10,New Jersey Devils,San Jose Sharks,Regular
2024,11,11,Pittsburgh Penguins,Dallas Stars,Regular
2024,11,11,Philadelphia Flyers,San Jose Sharks,Regular
2024,11,11,Calgary Flames,Los Angeles Kings,Regular
2024,11,11,Colorado Avalanche,Nashville Predators,Regular
2024,11,11,Vegas Golden Knights,Carolina Hurricanes,Regular
2024,11,11,Buffalo Sabres,Montreal Canadiens,Regular
2024,11,12,New York Rangers,Winnipeg Jets,Regular
2024,11,12,Florida Panthers,New Jersey Devils,Regular
2024,11,12,Toronto Maple Leafs,Ottawa Senators,Regular
2024,11,12,St. Louis Blues,Boston Bruins,Regular
2024,11,12,Edmonton Oilers,New York Islanders,Regular
2024,11,12,Seattle Kraken,Columbus Blue Jackets,Regular
2024,11,12,Vancouver Canucks,Calgary Flames,Regular
2024,11,13,Washington Capitals,Toronto Maple Leafs,Regular
2024,11,13,Pittsburgh Penguins,Detroit Red Wings,Regular
2024,11,13,Utah Hockey Club,Carolina Hurricanes,Regular
2024,11,13,Colorado Avalanche,Los Angeles Kings,Regular
2024,11,13,Anaheim Ducks,Vegas Golden Knights,Regular
2024,11,14,New York Rangers,San Jose Sharks,Regular
2024,11,14,Buffalo Sabres,St. Louis Blues,Regular
2024,11,14,Florida Panthers,New Jersey Devils,Regular
2024,11,14,Ottawa Senators,Philadelphia Flyers,Regular
2024,11,14,Tampa Bay Lightning,Winnipeg Jets,Regular
2024,11,14,Dallas Stars,Boston Bruins,Regular
2024,11,14,Minnesota Wild,Montreal Canadiens,Regular
2024,11,14,Edmonton Oilers,Nashville Predators,Regular
2024,11,14,Seattle Kraken,Chicago Blackhawks,Regular
2024,11,14,Vancouver Canucks,New York Islanders,Regular
2024,11,15,Columbus Blue Jackets,Pittsburgh Penguins,Regular
2024,11,15,Utah Hockey Club,Vegas Golden Knights,Regular
2024,11,15,Calgary Flames,Nashville Predators,Regular
2024,11,15,Colorado Avalanche,Washington Capitals,Regular
2024,11,15,Anaheim Ducks,Detroit Red Wings,Regular
2024,11,16,Boston Bruins,St. Louis Blues,Regular
2024,11,16,Seattle Kraken,New York Islanders,Regular
2024,11,16,Pittsburgh Penguins,San Jose Sharks,Regular
2024,11,16,Toronto Maple Leafs,Edmonton Oilers,Regular
2024,11,16,Montreal Canadiens,Columbus Blue Jackets,Regular
2024,11,16,Carolina Hurricanes,Ottawa Senators,Regular
2024,11,16,Philadelphia Flyers,Buffalo Sabres,Regular
2024,11,16,Florida Panthers,Winnipeg Jets,Regular
2024,11,16,Tampa Bay Lightning,New Jersey Devils,Regular
2024,11,16,Los Angeles Kings,Detroit Red Wings,Regular
2024,11,16,Minnesota Wild,Dallas Stars,Regular
2024,11,16,Vancouver Canucks,Chicago Blackhawks,Regular
2024,11,17,Carolina Hurricanes,St. Louis Blues,Regular
2024,11,17,Vancouver Canucks,Nashville Predators,Regular
2024,11,17,Vegas Golden Knights,Washington Capitals,Regular
2024,11,17,Seattle Kraken,New York Rangers,Regular
2024,11,18,Philadelphia Flyers,Colorado Avalanche,Regular
2024,11,18,Boston Bruins,Columbus Blue Jackets,Regular
2024,11,18,Montreal Canadiens,Edmonton Oilers,Regular
2024,11,18,Dallas Stars,Anaheim Ducks,Regular
2024,11,18,Utah Hockey Club,Washington Capitals,Regular
2024,11,18,San Jose Sharks,Detroit Red Wings,Regular
2024,11,19,Winnipeg Jets,Florida Panthers,Regular
2024,11,19,Ottawa Senators,Edmonton Oilers,Regular
2024,11,19,Pittsburgh Penguins,Tampa Bay Lightning,Regular
2024,11,19,St. Louis Blues,Minnesota Wild,Regular
2024,11,19,Chicago Blackhawks,Anaheim Ducks,Regular
2024,11,19,Calgary Flames,New York Islanders,Regular
2024,11,19,Vancouver Canucks,New York Rangers,Regular
2024,11,20,Toronto Maple Leafs,Vegas Golden Knights,Regular
2024,11,20,Philadelphia Flyers,Carolina Hurricanes,Regular
2024,11,20,Dallas Stars,San Jose Sharks,Regular
2024,11,20,Seattle Kraken,Nashville Predators,Regular
2024,11,20,Los Angeles Kings,Buffalo Sabres,Regular
2024,11,21,Washington Capitals,Colorado Avalanche,Regular
2024,11,21,Columbus Blue Jackets,Tampa Bay Lightning,Regular
2024,11,21,Detroit Red Wings,New York Islanders,Regular
2024,11,21,Ottawa Senators,Vegas Golden Knights,Regular
2024,11,21,Boston Bruins,Utah Hockey Club,Regular
2024,11,21,St. Louis Blues,San Jose Sharks,Regular
2024,11,21,Chicago Blackhawks,Florida Panthers,Regular
2024,11,21,Calgary Flames,New York Rangers,Regular
2024,11,21,Edmonton Oilers,Minnesota Wild,Regular
2024,11,21,New Jersey Devils,Carolina Hurricanes,Regular
2024,11,22,Pittsburgh Penguins,Winnipeg Jets,Regular
2024,11,22,Anaheim Ducks,Buffalo Sabres,Regular
2024,11,23,Washington Capitals,New Jersey Devils,Regular
2024,11,23,Philadelphia Flyers,Chicago Blackhawks,Regular
2024,11,23,Los Angeles Kings,Seattle Kraken,Regular
2024,11,23,Calgary Flames,Minnesota Wild,Regular
2024,11,23,Florida Panthers,Colorado Avalanche,Regular
2024,11,23,Nashville Predators,Winnipeg Jets,Regular
2024,11,23,Detroit Red Wings,Boston Bruins,Regular
2024,11,23,Columbus Blue Jackets,Carolina Hurricanes,Regular
2024,11,23,Tampa Bay Lightning,Dallas Stars,Regular
2024,11,23,Montreal Canadiens,Vegas Golden Knights,Regular
2024,11,23,Ottawa Senators,Vancouver Canucks,Regular
2024,11,23,Pittsburgh Penguins,Utah Hockey Club,Regular
2024,11,23,New York Islanders,St. Louis Blues,Regular
2024,11,23,San Jose Sharks,Buffalo Sabres,Regular
2024,11,23,Edmonton Oilers,New York Rangers,Regular
2024,11,24,Toronto Maple Leafs,Utah Hockey Club,Regular
2024,11,25,Tampa Bay Lightning,Colorado Avalanche,Regular
2024,11,25,Carolina Hurricanes,Dallas Stars,Regular
2024,11,25,Florida Panthers,Washington Capitals,Regular
2024,11,25,New York Rangers,St. Louis Blues,Regular
2024,11,25,Philadelphia Flyers,Vegas Golden Knights,Regular
2024,11,25,New York Islanders,Detroit Red Wings,Regular
2024,11,25,Ottawa Senators,Calgary Flames,Regular
2024,11,25,Minnesota Wild,Winnipeg Jets,Regular
2024,11,25,Anaheim Ducks,Seattle Kraken,Regular
2024,11,25,San Jose Sharks,Los Angeles Kings,Regular
2024,11,25,New Jersey Devils,Nashville Predators,Regular
2024,11,26,Montreal Canadiens,Utah Hockey Club,Regular
2024,11,26,Boston Bruins,Vancouver Canucks,Regular
2024,11,27,Columbus Blue Jackets,Montreal Canadiens,Regular
2024,11,27,Carolina Hurricanes,New York Rangers,Regular
2024,11,27,Buffalo Sabres,Minnesota Wild,Regular
2024,11,27,Detroit Red Wings,Calgary Flames,Regular
2024,11,27,New York Islanders,Boston Bruins,Regular
2024,11,27,Florida Panthers,Toronto Maple Leafs,Regular
2024,11,27,Pittsburgh Penguins,Vancouver Canucks,Regular
2024,11,27,Tampa Bay Lightning,Washington Capitals,Regular
2024,11,27,Nashville Predators,Philadelphia Flyers,Regular
2024,11,27,Chicago Blackhawks,Dallas Stars,Regular
2024,11,27,Colorado Avalanche,Vegas Golden Knights,Regular
2024,11,27,Seattle Kraken,Anaheim Ducks,Regular
2024,11,27,Los Angeles Kings,Winnipeg Jets,Regular
2024,11,27,San Jose Sharks,Ottawa Senators,Regular
2024,11,27,New Jersey Devils,St. Louis Blues,Regular
2024,11,29,Washington Capitals,New York Islanders,Regular
2024,11,29,Philadelphia Flyers,New York Rangers,Regular
2024,11,29,Minnesota Wild,Chicago Blackhawks,Regular
2024,11,29,Nashville Predators,Tampa Bay Lightning,Regular
2024,11,29,Carolina Hurricanes,Florida Panthers,Regular
2024,11,29,Columbus Blue Jackets,Calgary Flames,Regular
2024,11,29,Buffalo Sabres,Vancouver Canucks,Regular
2024,11,29,Detroit Red Wings,New Jersey Devils,Regular
2024,11,29,San Jose Sharks,Seattle Kraken,Regular
2024,11,29,Anaheim Ducks,Los Angeles Kings,Regular
2024,11,29,Boston Bruins,Pittsburgh Penguins,Regular
2024,11,29,Dallas Stars,Colorado Avalanche,Regular
2024,11,29,Vegas Golden Knights,Winnipeg Jets,Regular
2024,11,29,Utah Hockey Club,Edmonton Oilers,Regular
2024,11,30,New York Rangers,Montreal Canadiens,Regular
2024,11,30,Florida Panthers,Carolina Hurricanes,Regular
2024,11,30,Pittsburgh Penguins,Calgary Flames,Regular
2024,11,30,Los Angeles Kings,Ottawa Senators,Regular
2024,11,30,St. Louis Blues,Philadelphia Flyers,Regular
2024,11,30,Tampa Bay Lightning,Toronto Maple Leafs,Regular
2024,11,30,New York Islanders,Buffalo Sabres,Regular
2024,11,30,Minnesota Wild,Nashville Predators,Regular
2024,11,30,Colorado Avalanche,Edmonton Oilers,Regular
2024,11,30,Seattle Kraken,San Jose Sharks,Regular
2024,11,30,Vegas Golden Knights,Utah Hockey Club,Regular
2024,11,30,New Jersey Devils,Washington Capitals,Regular
2024,12,1,Chicago Blackhawks,Columbus Blue Jackets,Regular
2024,12,1,Boston Bruins,Montreal Canadiens,Regular
2024,12,1,Dallas Stars,Winnipeg Jets,Regular
2024,12,1,Anaheim Ducks,Ottawa Senators,Regular
2024,12,1,Detroit Red Wings,Vancouver Canucks,Regular
2024,12,2,New York Rangers,New Jersey Devils,Regular
2024,12,2,Toronto Maple Leafs,Chicago Blackhawks,Regular
2024,12,2,Utah Hockey Club,Dallas Stars,Regular
2024,12,3,Washington Capitals,San Jose Sharks,Regular
2024,12,3,Pittsburgh Penguins,Florida Panthers,Regular
2024,12,3,Carolina Hurricanes,Seattle Kraken,Regular
2024,12,3,Buffalo Sabres,Colorado Avalanche,Regular
2024,12,3,Montreal Canadiens,New York Islanders,Regular
2024,12,3,Winnipeg Jets,St. Louis Blues,Regular
2024,12,3,Boston Bruins,Detroit Red Wings,Regular
2024,12,3,Minnesota Wild,Vancouver Canucks,Regular
2024,12,3,Calgary Flames,Columbus Blue Jackets,Regular
2024,12,3,Vegas Golden Knights,Edmonton Oilers,Regular
2024,12,4,Toronto Maple Leafs,Nashville Predators,Regular
2024,12,4,Chicago Blackhawks,Boston Bruins,Regular
2024,12,4,Los Angeles Kings,Dallas Stars,Regular
2024,12,4,Anaheim Ducks,Vegas Golden Knights,Regular
2024,12,5,Carolina Hurricanes,Colorado Avalanche,Regular
2024,12,5,Philadelphia Flyers,Florida Panthers,Regular
2024,12,5,Ottawa Senators,Detroit Red Wings,Regular
2024,12,5,Buffalo Sabres,Winnipeg Jets,Regular
2024,12,5,Montreal Canadiens,Nashville Predators,Regular
2024,12,5,Tampa Bay Lightning,San Jose Sharks,Regular
2024,12,5,New York Islanders,Seattle Kraken,Regular
2024,12,5,Edmonton Oilers,Columbus Blue Jackets,Regular
2024,12,5,Calgary Flames,St. Louis Blues,Regular
2024,12,6,Winnipeg Jets,Columbus Blue Jackets,Regular
2024,12,6,New York Rangers,Pittsburgh Penguins,Regular
2024,12,6,Toronto Maple Leafs,Washington Capitals,Regular
2024,12,6,Vancouver Canucks,Columbus Blue Jackets,Regular
2024,12,6,Vegas Golden Knights,Dallas Stars,Regular
2024,12,6,Anaheim Ducks,Minnesota Wild,Regular
2024,12,6,New Jersey Devils,Seattle Kraken,Regular
2024,12,7,Buffalo Sabres,Utah Hockey Club,Regular
2024,12,7,Boston Bruins,Philadelphia Flyers,Regular
2024,12,7,Chicago Blackhawks,Winnipeg Jets,Regular
2024,12,7,New York Islanders,Carolina Hurricanes,Regular
2024,12,7,Florida Panthers,San Jose Sharks,Regular
2024,12,7,Ottawa Senators,Nashville Predators,Regular
2024,12,7,Detroit Red Wings,Colorado Avalanche,Regular
2024,12,7,Montreal Canadiens,Washington Capitals,Regular
2024,12,7,Pittsburgh Penguins,Toronto Maple Leafs,Regular
2024,12,7,Los Angeles Kings,Minnesota Wild,Regular
2024,12,7,Edmonton Oilers,St. Louis Blues,Regular
2024,12,8,New York Rangers,Seattle Kraken,Regular
2024,12,8,Vancouver Canucks,Tampa Bay Lightning,Regular
2024,12,8,Ottawa Senators,New York Islanders,Regular
2024,12,8,Philadelphia Flyers,Utah Hockey Club,Regular
2024,12,8,Dallas Stars,Calgary Flames,Regular
2024,12,8,New Jersey Devils,Colorado Avalanche,Regular
2024,12,9,Buffalo Sabres,Detroit Red Wings,Regular
2024,12,9,New York Rangers,Chicago Blackhawks,Regular
2024,12,9,Montreal Canadiens,Anaheim Ducks,Regular
2024,12,10,Columbus Blue Jackets,Philadelphia Flyers,Regular
2024,12,10,Winnipeg Jets,Boston Bruins,Regular
2024,12,10,Carolina Hurricanes,San Jose Sharks,Regular
2024,12,10,Pittsburgh Penguins,Colorado Avalanche,Regular
2024,12,10,New York Islanders,Los Angeles Kings,Regular
2024,12,10,Nashville Predators,Calgary Flames,Regular
2024,12,10,Edmonton Oilers,Tampa Bay Lightning,Regular
2024,12,10,Utah Hockey Club,Minnesota Wild,Regular
2024,12,10,Seattle Kraken,Florida Panthers,Regular
2024,12,10,Vancouver Canucks,St. Louis Blues,Regular
2024,12,10,New Jersey Devils,Toronto Maple Leafs,Regular
2024,12,11,Ottawa Senators,Anaheim Ducks,Regular
2024,12,11,Buffalo Sabres,New York Rangers,Regular
2024,12,12,Philadelphia Flyers,Detroit Red Wings,Regular
2024,12,12,Columbus Blue Jackets,Washington Capitals,Regular
2024,12,12,Toronto Maple Leafs,Anaheim Ducks,Regular
2024,12,12,Montreal Canadiens,Pittsburgh Penguins,Regular
2024,12,12,Winnipeg Jets,Vegas Golden Knights,Regular
2024,12,12,New York Islanders,Chicago Blackhawks,Regular
2024,12,12,Dallas Stars,Nashville Predators,Regular
2024,12,12,Minnesota Wild,Edmonton Oilers,Regular
2024,12,12,St. Louis Blues,San Jose Sharks,Regular
2024,12,12,Colorado Avalanche,Utah Hockey Club,Regular
2024,12,12,Calgary Flames,Tampa Bay Lightning,Regular
2024,12,12,Vancouver Canucks,Florida Panthers,Regular
2024,12,12,Seattle Kraken,Boston Bruins,Regular
2024,12,12,New Jersey Devils,Los Angeles Kings,Regular
2024,12,13,Carolina Hurricanes,Ottawa Senators,Regular
2024,12,14,Washington Capitals,Buffalo Sabres,Regular
2024,12,14,New York Rangers,Los Angeles Kings,Regular
2024,12,14,Minnesota Wild,Philadelphia Flyers,Regular
2024,12,14,Edmonton Oilers,Vegas Golden Knights,Regular
2024,12,14,Winnipeg Jets,Montreal Canadiens,Regular
2024,12,14,Columbus Blue Jackets,Anaheim Ducks,Regular
2024,12,14,Detroit Red Wings,Toronto Maple Leafs,Regular
2024,12,14,Ottawa Senators,Pittsburgh Penguins,Regular
2024,12,14,Dallas Stars,St. Louis Blues,Regular
2024,12,14,Colorado Avalanche,Nashville Predators,Regular
2024,12,14,New Jersey Devils,Chicago Blackhawks,Regular
2024,12,14,San Jose Sharks,Utah Hockey Club,Regular
2024,12,14,Vancouver Canucks,Boston Bruins,Regular
2024,12,14,Calgary Flames,Florida Panthers,Regular
2024,12,14,Seattle Kraken,Tampa Bay Lightning,Regular
2024,12,15,Chicago Blackhawks,New York Islanders,Regular
2024,12,15,Toronto Maple Leafs,Buffalo Sabres,Regular
2024,12,15,Minnesota Wild,Vegas Golden Knights,Regular
2024,12,15,St. Louis Blues,New York Rangers,Regular
2024,12,15,Carolina Hurricanes,Columbus Blue Jackets,Regular
2024,12,16,Dallas Stars,Washington Capitals,Regular
2024,12,16,Edmonton Oilers,Florida Panthers,Regular
2024,12,16,Vancouver Canucks,Colorado Avalanche,Regular
2024,12,17,Tampa Bay Lightning,Columbus Blue Jackets,Regular
2024,12,17,Montreal Canadiens,Buffalo Sabres,Regular
2024,12,17,Carolina Hurricanes,New York Islanders,Regular
2024,12,17,Pittsburgh Penguins,Los Angeles Kings,Regular
2024,12,17,St. Louis Blues,New Jersey Devils,Regular
2024,12,17,Nashville Predators,New York Rangers,Regular
2024,12,17,Chicago Blackhawks,Washington Capitals,Regular
2024,12,17,Calgary Flames,Boston Bruins,Regular
2024,12,17,Seattle Kraken,Ottawa Senators,Regular
2024,12,17,San Jose Sharks,Winnipeg Jets,Regular
2024,12,18,Detroit Red Wings,Philadelphia Flyers,Regular
2024,12,18,Dallas Stars,Toronto Maple Leafs,Regular
2024,12,18,Minnesota Wild,Florida Panthers,Regular
2024,12,18,Utah Hockey Club,Vancouver Canucks,Regular
2024,12,18,Anaheim Ducks,Winnipeg Jets,Regular
2024,12,19,Columbus Blue Jackets,New Jersey Devils,Regular
2024,12,19,Philadelphia Flyers,Los Angeles Kings,Regular
2024,12,19,Tampa Bay Lightning,St. Louis Blues,Regular
2024,12,19,Nashville Predators,Pittsburgh Penguins,Regular
2024,12,19,Chicago Blackhawks,Seattle Kraken,Regular
2024,12,19,Edmonton Oilers,Boston Bruins,Regular
2024,12,19,Calgary Flames,Ottawa Senators,Regular
2024,12,19,Vegas Golden Knights,Vancouver Canucks,Regular
2024,12,19,San Jose Sharks,Colorado Avalanche,Regular
2024,12,20,Washington Capitals,Carolina Hurricanes,Regular
2024,12,20,Buffalo Sabres,Toronto Maple Leafs,Regular
2024,12,20,Detroit Red Wings,Montreal Canadiens,Regular
2024,12,20,Florida Panthers,St. Louis Blues,Regular
2024,12,20,Dallas Stars,New York Rangers,Regular
2024,12,20,Minnesota Wild,Utah Hockey Club,Regular
2024,12,20,Anaheim Ducks,Colorado Avalanche,Regular
2024,12,21,Calgary Flames,Chicago Blackhawks,Regular
2024,12,21,Edmonton Oilers,San Jose Sharks,Regular
2024,12,21,Winnipeg Jets,Minnesota Wild,Regular
2024,12,21,Toronto Maple Leafs,New York Islanders,Regular
2024,12,21,Montreal Canadiens,Detroit Red Wings,Regular
2024,12,21,Philadelphia Flyers,Columbus Blue Jackets,Regular
2024,12,21,Boston Bruins,Buffalo Sabres,Regular
2024,12,21,Vegas Golden Knights,Seattle Kraken,Regular
2024,12,21,Vancouver Canucks,Ottawa Senators,Regular
2024,12,21,Nashville Predators,Los Angeles Kings,Regular
2024,12,21,New Jersey Devils,Pittsburgh Penguins,Regular
2024,12,22,Washington Capitals,Los Angeles Kings,Regular
2024,12,22,Tampa Bay Lightning,Florida Panthers,Regular
2024,12,22,Utah Hockey Club,Anaheim Ducks,Regular
2024,12,22,Colorado Avalanche,Seattle Kraken,Regular
2024,12,22,Edmonton Oilers,Ottawa Senators,Regular
2024,12,22,New York Rangers,Carolina Hurricanes,Regular
2024,12,23,Toronto Maple Leafs,Winnipeg Jets,Regular
2024,12,23,Columbus Blue Jackets,Montreal Canadiens,Regular
2024,12,23,Detroit Red Wings,St. Louis Blues,Regular
2024,12,23,Florida Panthers,Tampa Bay Lightning,Regular
2024,12,23,Pittsburgh Penguins,Philadelphia Flyers,Regular
2024,12,23,Boston Bruins,Washington Capitals,Regular
2024,12,23,New York Islanders,Buffalo Sabres,Regular
2024,12,23,Nashville Predators,Carolina Hurricanes,Regular
2024,12,23,Minnesota Wild,Chicago Blackhawks,Regular
2024,12,23,Utah Hockey Club,Dallas Stars,Regular
2024,12,23,Vancouver Canucks,San Jose Sharks,Regular
2024,12,23,New Jersey Devils,New York Rangers,Regular
2024,12,23,Vegas Golden Knights,Anaheim Ducks,Regular
2024,12,27,Columbus Blue Jackets,Boston Bruins,Regular
2024,12,27,Buffalo Sabres,Chicago Blackhawks,Regular
2024,12,27,Detroit Red Wings,Toronto Maple Leafs,Regular
2024,12,27,St. Louis Blues,Nashville Predators,Regular
2024,12,27,Dallas Stars,Minnesota Wild,Regular
2024,12,27,Utah Hockey Club,Colorado Avalanche,Regular
2024,12,27,San Jose Sharks,Vegas Golden Knights,Regular
2024,12,27,New Jersey Devils,Carolina Hurricanes,Regular
2024,12,28,Florida Panthers,Montreal Canadiens,Regular
2024,12,28,Vancouver Canucks,Seattle Kraken,Regular
2024,12,28,Los Angeles Kings,Edmonton Oilers,Regular
2024,12,28,Anaheim Ducks,Philadelphia Flyers,Regular
2024,12,28,Winnipeg Jets,Ottawa Senators,Regular
2024,12,28,Carolina Hurricanes,New Jersey Devils,Regular
2024,12,28,Tampa Bay Lightning,New York Rangers,Regular
2024,12,28,Toronto Maple Leafs,Washington Capitals,Regular
2024,12,28,Boston Bruins,Columbus Blue Jackets,Regular
2024,12,28,New York Islanders,Pittsburgh Penguins,Regular
2024,12,28,San Jose Sharks,Calgary Flames,Regular
2024,12,29,Chicago Blackhawks,Dallas Stars,Regular
2024,12,29,Anaheim Ducks,Edmonton Oilers,Regular
2024,12,29,Tampa Bay Lightning,Montreal Canadiens,Regular
2024,12,29,Detroit Red Wings,Washington Capitals,Regular
2024,12,29,Pittsburgh Penguins,New York Islanders,Regular
2024,12,29,St. Louis Blues,Buffalo Sabres,Regular
2024,12,29,Minnesota Wild,Ottawa Senators,Regular
2024,12,29,Vegas Golden Knights,Calgary Flames,Regular
2024,12,29,Los Angeles Kings,Philadelphia Flyers,Regular
2024,12,30,Winnipeg Jets,Nashville Predators,Regular
2024,12,30,Florida Panthers,New York Rangers,Regular
2024,12,30,Seattle Kraken,Utah Hockey Club,Regular
2024,12,31,Washington Capitals,Boston Bruins,Regular
2024,12,31,Toronto Maple Leafs,New York Islanders,Regular
2024,12,31,Vegas Golden Knights,Montreal Canadiens,Regular
2024,12,31,Chicago Blackhawks,St. Louis Blues,Regular
2024,12,31,Colorado Avalanche,Winnipeg Jets,Regular
2024,12,31,Dallas Stars,Buffalo Sabres,Regular
2024,12,31,Columbus Blue Jackets,Carolina Hurricanes,Regular
2024,12,31,Detroit Red Wings,Pittsburgh Penguins,Regular
2024,12,31,Minnesota Wild,Nashville Predators,Regular
2024,12,31,San Jose Sharks,Philadelphia Flyers,Regular
2024,12,31,Anaheim Ducks,New Jersey Devils,Regular
2024,12,31,Calgary Flames,Vancouver Canucks,Regular
2024,12,31,Edmonton Oilers,Utah Hockey Club,Regular
2025,1,1,Los Angeles Kings,New Jersey Devils,Regular
2025,1,2,Washington Capitals,Minnesota Wild,Regular
2025,1,2,Winnipeg Jets,Anaheim Ducks,Regular
2025,1,2,Columbus Blue Jackets,Detroit Red Wings,Regular
2025,1,2,New York Rangers,Boston Bruins,Regular
2025,1,2,Florida Panthers,Carolina Hurricanes,Regular
2025,1,2,New York Islanders,Toronto Maple Leafs,Regular
2025,1,2,Dallas Stars,Ottawa Senators,Regular
2025,1,2,Colorado Avalanche,Buffalo Sabres,Regular
2025,1,2,Calgary Flames,Utah Hockey Club,Regular
2025,1,2,Vegas Golden Knights,Philadelphia Flyers,Regular
2025,1,2,Seattle Kraken,Vancouver Canucks,Regular
2025,1,2,San Jose Sharks,Tampa Bay Lightning,Regular
2025,1,3,Florida Panthers,Pittsburgh Penguins,Regular
2025,1,3,Chicago Blackhawks,Montreal Canadiens,Regular
2025,1,3,St. Louis Blues,Ottawa Senators,Regular
2025,1,3,Edmonton Oilers,Anaheim Ducks,Regular
2025,1,3,Vancouver Canucks,Nashville Predators,Regular
2025,1,4,Washington Capitals,New York Rangers,Regular
2025,1,4,Winnipeg Jets,Detroit Red Wings,Regular
2025,1,4,San Jose Sharks,New Jersey Devils,Regular
2025,1,4,Colorado Avalanche,Montreal Canadiens,Regular
2025,1,4,Carolina Hurricanes,Minnesota Wild,Regular
2025,1,4,Columbus Blue Jackets,St. Louis Blues,Regular
2025,1,4,Toronto Maple Leafs,Boston Bruins,Regular
2025,1,4,Calgary Flames,Nashville Predators,Regular
2025,1,4,Dallas Stars,Utah Hockey Club,Regular
2025,1,4,Los Angeles Kings,Tampa Bay Lightning,Regular
2025,1,4,Vegas Golden Knights,Buffalo Sabres,Regular
2025,1,4,Seattle Kraken,Edmonton Oilers,Regular
2025,1,5,Chicago Blackhawks,New York Rangers,Regular
2025,1,5,Carolina Hurricanes,Pittsburgh Penguins,Regular
2025,1,5,Boston Bruins,New York Islanders,Regular
2025,1,5,Toronto Maple Leafs,Philadelphia Flyers,Regular
2025,1,5,Anaheim Ducks,Tampa Bay Lightning,Regular
2025,1,6,Buffalo Sabres,Washington Capitals,Regular
2025,1,6,Montreal Canadiens,Vancouver Canucks,Regular
2025,1,6,Colorado Avalanche,Florida Panthers,Regular
2025,1,6,Seattle Kraken,New Jersey Devils,Regular
2025,1,7,Philadelphia Flyers,Toronto Maple Leafs,Regular
2025,1,7,New York Rangers,Dallas Stars,Regular
2025,1,7,Pittsburgh Penguins,Columbus Blue Jackets,Regular
2025,1,7,Detroit Red Wings,Ottawa Senators,Regular
2025,1,7,Winnipeg Jets,Nashville Predators,Regular
2025,1,7,Boston Bruins,Edmonton Oilers,Regular
2025,1,7,Minnesota Wild,St. Louis Blues,Regular
2025,1,7,Anaheim Ducks,Calgary Flames,Regular
2025,1,7,San Jose Sharks,Vegas Golden Knights,Regular
2025,1,8,Washington Capitals,Vancouver Canucks,Regular
2025,1,8,Chicago Blackhawks,Colorado Avalanche,Regular
2025,1,8,Utah Hockey Club,Florida Panthers,Regular
2025,1,8,Los Angeles Kings,Calgary Flames,Regular
2025,1,9,New York Rangers,New Jersey Devils,Regular
2025,1,9,Philadelphia Flyers,Dallas Stars,Regular
2025,1,9,Ottawa Senators,Buffalo Sabres,Regular
2025,1,9,Pittsburgh Penguins,Edmonton Oilers,Regular
2025,1,9,Carolina Hurricanes,Toronto Maple Leafs,Regular
2025,1,9,Tampa Bay Lightning,Boston Bruins,Regular
2025,1,9,Columbus Blue Jackets,Seattle Kraken,Regular
2025,1,9,St. Louis Blues,Anaheim Ducks,Regular
2025,1,9,Minnesota Wild,Colorado Avalanche,Regular
2025,1,9,Vegas Golden Knights,New York Islanders,Regular
2025,1,10,Washington Capitals,Montreal Canadiens,Regular
2025,1,10,Carolina Hurricanes,Vancouver Canucks,Regular
2025,1,10,Detroit Red Wings,Chicago Blackhawks,Regular
2025,1,10,Winnipeg Jets,Los Angeles Kings,Regular
2025,1,10,Utah Hockey Club,San Jose Sharks,Regular
2025,1,11,Florida Panthers,Boston Bruins,Regular
2025,1,11,Buffalo Sabres,Seattle Kraken,Regular
2025,1,11,Pittsburgh Penguins,Ottawa Senators,Regular
2025,1,11,Winnipeg Jets,Colorado Avalanche,Regular
2025,1,11,Toronto Maple Leafs,Vancouver Canucks,Regular
2025,1,11,St. Louis Blues,Columbus Blue Jackets,Regular
2025,1,11,Chicago Blackhawks,Edmonton Oilers,Regular
2025,1,11,Philadelphia Flyers,Anaheim Ducks,Regular
2025,1,11,Montreal Canadiens,Dallas Stars,Regular
2025,1,11,Nashville Predators,Washington Capitals,Regular
2025,1,11,Utah Hockey Club,New York Islanders,Regular
2025,1,11,San Jose Sharks,Minnesota Wild,Regular
2025,1,11,Calgary Flames,Los Angeles Kings,Regular
2025,1,11,Vegas Golden Knights,New York Rangers,Regular
2025,1,11,New Jersey Devils,Tampa Bay Lightning,Regular
2025,1,12,Detroit Red Wings,Seattle Kraken,Regular
2025,1,12,Carolina Hurricanes,Anaheim Ducks,Regular
2025,1,12,Ottawa Senators,Dallas Stars,Regular
2025,1,12,Pittsburgh Penguins,Tampa Bay Lightning,Regular
2025,1,12,Vegas Golden Knights,Minnesota Wild,Regular
2025,1,13,Philadelphia Flyers,Florida Panthers,Regular
2025,1,13,Chicago Blackhawks,Calgary Flames,Regular
2025,1,13,Edmonton Oilers,Los Angeles Kings,Regular
2025,1,14,Washington Capitals,Anaheim Ducks,Regular
2025,1,14,Winnipeg Jets,Vancouver Canucks,Regular
2025,1,14,Columbus Blue Jackets,Philadelphia Flyers,Regular
2025,1,14,Detroit Red Wings,San Jose Sharks,Regular
2025,1,14,Pittsburgh Penguins,Seattle Kraken,Regular
2025,1,14,Toronto Maple Leafs,Dallas Stars,Regular
2025,1,14,Boston Bruins,Tampa Bay Lightning,Regular
2025,1,14,New York Islanders,Ottawa Senators,Regular
2025,1,14,Nashville Predators,Vegas Golden Knights,Regular
2025,1,14,St. Louis Blues,Calgary Flames,Regular
2025,1,14,Utah Hockey Club,Montreal Canadiens,Regular
2025,1,14,Colorado Avalanche,New York Rangers,Regular
2025,1,14,New Jersey Devils,Florida Panthers,Regular
2025,1,15,Buffalo Sabres,Carolina Hurricanes,Regular
2025,1,15,Minnesota Wild,Edmonton Oilers,Regular
2025,1,16,Winnipeg Jets,Seattle Kraken,Regular
2025,1,16,Ottawa Senators,Washington Capitals,Regular
2025,1,16,Toronto Maple Leafs,New Jersey Devils,Regular
2025,1,16,Florida Panthers,Detroit Red Wings,Regular
2025,1,16,Tampa Bay Lightning,Anaheim Ducks,Regular
2025,1,16,Columbus Blue Jackets,San Jose Sharks,Regular
2025,1,16,New York Islanders,Philadelphia Flyers,Regular
2025,1,16,Dallas Stars,Montreal Canadiens,Regular
2025,1,16,St. Louis Blues,Calgary Flames,Regular
2025,1,16,Nashville Predators,Chicago Blackhawks,Regular
2025,1,16,Utah Hockey Club,New York Rangers,Regular
2025,1,16,Colorado Avalanche,Edmonton Oilers,Regular
2025,1,16,Vancouver Canucks,Los Angeles Kings,Regular
2025,1,17,Buffalo Sabres,Pittsburgh Penguins,Regular
2025,1,17,Carolina Hurricanes,Vegas Golden Knights,Regular
2025,1,18,Washington Capitals,Pittsburgh Penguins,Regular
2025,1,18,Ottawa Senators,Boston Bruins,Regular
2025,1,18,Colorado Avalanche,Dallas Stars,Regular
2025,1,18,Winnipeg Jets,Calgary Flames,Regular
2025,1,18,Florida Panthers,Anaheim Ducks,Regular
2025,1,18,Tampa Bay Lightning,Detroit Red Wings,Regular
2025,1,18,New York Rangers,Columbus Blue Jackets,Regular
2025,1,18,Montreal Canadiens,Toronto Maple Leafs,Regular
2025,1,18,New York Islanders,San Jose Sharks,Regular
2025,1,18,Nashville Predators,Minnesota Wild,Regular
2025,1,18,Chicago Blackhawks,Vegas Golden Knights,Regular
2025,1,18,Utah Hockey Club,St. Louis Blues,Regular
2025,1,18,Vancouver Canucks,Edmonton Oilers,Regular
2025,1,18,Seattle Kraken,Los Angeles Kings,Regular
2025,1,18,New Jersey Devils,Philadelphia Flyers,Regular
2025,1,19,Montreal Canadiens,New York Rangers,Regular
2025,1,19,Dallas Stars,Detroit Red Wings,Regular
2025,1,19,New Jersey Devils,Ottawa Senators,Regular
2025,1,20,Boston Bruins,San Jose Sharks,Regular
2025,1,20,Colorado Avalanche,Minnesota Wild,Regular
2025,1,20,Seattle Kraken,Buffalo Sabres,Regular
2025,1,20,Vegas Golden Knights,St. Louis Blues,Regular
2025,1,20,Toronto Maple Leafs,Tampa Bay Lightning,Regular
2025,1,20,New York Islanders,Columbus Blue Jackets,Regular
2025,1,20,Chicago Blackhawks,Carolina Hurricanes,Regular
2025,1,20,Utah Hockey Club,Winnipeg Jets,Regular
2025,1,20,Los Angeles Kings,Pittsburgh Penguins,Regular
2025,1,21,New York Rangers,Ottawa Senators,Regular
2025,1,21,Philadelphia Flyers,Detroit Red Wings,Regular
2025,1,21,Montreal Canadiens,Tampa Bay Lightning,Regular
2025,1,21,Nashville Predators,San Jose Sharks,Regular
2025,1,21,Dallas Stars,Carolina Hurricanes,Regular
2025,1,21,Edmonton Oilers,Washington Capitals,Regular
2025,1,21,Vancouver Canucks,Buffalo Sabres,Regular
2025,1,21,Anaheim Ducks,Florida Panthers,Regular
2025,1,22,Toronto Maple Leafs,Columbus Blue Jackets,Regular
2025,1,22,Colorado Avalanche,Winnipeg Jets,Regular
2025,1,22,Los Angeles Kings,Florida Panthers,Regular
2025,1,22,New Jersey Devils,Boston Bruins,Regular
2025,1,23,Carolina Hurricanes,Columbus Blue Jackets,Regular
2025,1,23,Detroit Red Wings,Montreal Canadiens,Regular
2025,1,23,New York Rangers,Philadelphia Flyers,Regular
2025,1,23,Boston Bruins,Ottawa Senators,Regular
2025,1,23,Minnesota Wild,Utah Hockey Club,Regular
2025,1,23,St. Louis Blues,Vegas Golden Knights,Regular
2025,1,23,Calgary Flames,Buffalo Sabres,Regular
2025,1,23,Edmonton Oilers,Vancouver Canucks,Regular
2025,1,23,Seattle Kraken,Washington Capitals,Regular
2025,1,23,Anaheim Ducks,Pittsburgh Penguins,Regular
2025,1,23,San Jose Sharks,Nashville Predators,Regular
2025,1,24,Winnipeg Jets,Utah Hockey Club,Regular
2025,1,24,New York Islanders,Philadelphia Flyers,Regular
2025,1,24,Chicago Blackhawks,Tampa Bay Lightning,Regular
2025,1,24,Dallas Stars,Vegas Golden Knights,Regular
2025,1,25,Boston Bruins,Colorado Avalanche,Regular
2025,1,25,Seattle Kraken,Pittsburgh Penguins,Regular
2025,1,25,Edmonton Oilers,Buffalo Sabres,Regular
2025,1,25,Ottawa Senators,Toronto Maple Leafs,Regular
2025,1,25,Minnesota Wild,Calgary Flames,Regular
2025,1,25,Columbus Blue Jackets,Los Angeles Kings,Regular
2025,1,25,St. Louis Blues,Dallas Stars,Regular
2025,1,25,Detroit Red Wings,Tampa Bay Lightning,Regular
2025,1,25,Montreal Canadiens,New Jersey Devils,Regular
2025,1,25,New York Islanders,Carolina Hurricanes,Regular
2025,1,25,Vancouver Canucks,Washington Capitals,Regular
2025,1,25,San Jose Sharks,Florida Panthers,Regular
2025,1,25,Anaheim Ducks,Nashville Predators,Regular
2025,1,26,New York Rangers,Colorado Avalanche,Regular
2025,1,26,Ottawa Senators,Utah Hockey Club,Regular
2025,1,26,Winnipeg Jets,Calgary Flames,Regular
2025,1,26,Chicago Blackhawks,Minnesota Wild,Regular
2025,1,26,Vegas Golden Knights,Florida Panthers,Regular
2025,1,27,Philadelphia Flyers,New Jersey Devils,Regular
2025,1,27,Detroit Red Wings,Los Angeles Kings,Regular
2025,1,27,St. Louis Blues,Vancouver Canucks,Regular
2025,1,27,Edmonton Oilers,Seattle Kraken,Regular
2025,1,27,San Jose Sharks,Pittsburgh Penguins,Regular
2025,1,28,Buffalo Sabres,Boston Bruins,Regular
2025,1,28,New York Rangers,Carolina Hurricanes,Regular
2025,1,28,Tampa Bay Lightning,Chicago Blackhawks,Regular
2025,1,28,Montreal Canadiens,Winnipeg Jets,Regular
2025,1,28,New York Islanders,Colorado Avalanche,Regular
2025,1,28,Calgary Flames,Washington Capitals,Regular
2025,1,28,Seattle Kraken,Anaheim Ducks,Regular
2025,1,28,Vegas Golden Knights,Dallas Stars,Regular
2025,1,29,Toronto Maple Leafs,Minnesota Wild,Regular
2025,1,29,Florida Panthers,Los Angeles Kings,Regular
2025,1,29,Nashville Predators,Vancouver Canucks,Regular
2025,1,29,Utah Hockey Club,Pittsburgh Penguins,Regular
2025,1,29,New Jersey Devils,Philadelphia Flyers,Regular
2025,1,30,Carolina Hurricanes,Chicago Blackhawks,Regular
2025,1,30,Tampa Bay Lightning,Los Angeles Kings,Regular
2025,1,30,Montreal Canadiens,Minnesota Wild,Regular
2025,1,30,Philadelphia Flyers,New York Islanders,Regular
2025,1,30,Ottawa Senators,Washington Capitals,Regular
2025,1,30,Boston Bruins,Winnipeg Jets,Regular
2025,1,30,Edmonton Oilers,Detroit Red Wings,Regular
2025,1,30,Calgary Flames,Anaheim Ducks,Regular
2025,1,30,Vegas Golden Knights,Columbus Blue Jackets,Regular
2025,1,30,Seattle Kraken,San Jose Sharks,Regular
2025,1,31,Buffalo Sabres,Nashville Predators,Regular
2025,1,31,Dallas Stars,Vancouver Canucks,Regular
2025,1,31,Colorado Avalanche,St. Louis Blues,Regular
2025,1,31,Utah Hockey Club,Columbus Blue Jackets,Regular
2025,2,1,Washington Capitals,Winnipeg Jets,Regular
2025,2,1,Florida Panthers,Chicago Blackhawks,Regular
2025,2,1,Boston Bruins,New York Rangers,Regular
2025,2,1,Carolina Hurricanes,Los Angeles Kings,Regular
2025,2,1,Edmonton Oilers,Toronto Maple Leafs,Regular
2025,2,1,Ottawa Senators,Minnesota Wild,Regular
2025,2,1,Pittsburgh Penguins,Nashville Predators,Regular
2025,2,1,Tampa Bay Lightning,New York Islanders,Regular
2025,2,1,Calgary Flames,Detroit Red Wings,Regular
2025,2,2,Buffalo Sabres,New Jersey Devils,Regular
2025,2,2,Colorado Avalanche,Philadelphia Flyers,Regular
2025,2,2,Anaheim Ducks,Montreal Canadiens,Regular
2025,2,2,New York Rangers,Vegas Golden Knights,Regular
2025,2,2,Dallas Stars,Columbus Blue Jackets,Regular
2025,2,2,Florida Panthers,New York Islanders,Regular
2025,2,2,Utah Hockey Club,St. Louis Blues,Regular
2025,2,2,Vancouver Canucks,Detroit Red Wings,Regular
2025,2,2,Seattle Kraken,Calgary Flames,Regular
2025,2,3,Nashville Predators,Ottawa Senators,Regular
2025,2,4,Washington Capitals,Florida Panthers,Regular
2025,2,4,Pittsburgh Penguins,New Jersey Devils,Regular
2025,2,4,Buffalo Sabres,Columbus Blue Jackets,Regular
2025,2,4,Winnipeg Jets,Carolina Hurricanes,Regular
2025,2,4,Tampa Bay Lightning,Ottawa Senators,Regular
2025,2,4,Boston Bruins,Minnesota Wild,Regular
2025,2,4,New York Islanders,Vegas Golden Knights,Regular
2025,2,4,St. Louis Blues,Edmonton Oilers,Regular
2025,2,4,Calgary Flames,Toronto Maple Leafs,Regular
2025,2,4,Utah Hockey Club,Philadelphia Flyers,Regular
2025,2,4,Seattle Kraken,Detroit Red Wings,Regular
2025,2,4,Vancouver Canucks,Colorado Avalanche,Regular
2025,2,4,Anaheim Ducks,Dallas Stars,Regular
2025,2,4,San Jose Sharks,Montreal Canadiens,Regular
2025,2,5,New York Rangers,Boston Bruins,Regular
2025,2,5,Chicago Blackhawks,Edmonton Oilers,Regular
2025,2,5,Los Angeles Kings,Montreal Canadiens,Regular
2025,2,6,Philadelphia Flyers,Washington Capitals,Regular
2025,2,6,Columbus Blue Jackets,Utah Hockey Club,Regular
2025,2,6,Tampa Bay Lightning,Ottawa Senators,Regular
2025,2,6,Minnesota Wild,Carolina Hurricanes,Regular
2025,2,6,St. Louis Blues,Florida Panthers,Regular
2025,2,6,Calgary Flames,Colorado Avalanche,Regular
2025,2,6,Seattle Kraken,Toronto Maple Leafs,Regular
2025,2,6,San Jose Sharks,Vancouver Canucks,Regular
2025,2,6,New Jersey Devils,Vegas Golden Knights,Regular
2025,2,7,New York Rangers,Pittsburgh Penguins,Regular
2025,2,7,Winnipeg Jets,New York Islanders,Regular
2025,2,7,Chicago Blackhawks,Nashville Predators,Regular
2025,2,7,Edmonton Oilers,Colorado Avalanche,Regular
2025,2,7,Los Angeles Kings,Dallas Stars,Regular
2025,2,8,Carolina Hurricanes,Utah Hockey Club,Regular
2025,2,8,Detroit Red Wings,Tampa Bay Lightning,Regular
2025,2,8,Montreal Canadiens,New Jersey Devils,Regular
2025,2,8,Boston Bruins,Vegas Golden Knights,Regular
2025,2,8,St. Louis Blues,Chicago Blackhawks,Regular
2025,2,8,Columbus Blue Jackets,New York Rangers,Regular
2025,2,8,Florida Panthers,Ottawa Senators,Regular
2025,2,8,Philadelphia Flyers,Pittsburgh Penguins,Regular
2025,2,8,Vancouver Canucks,Toronto Maple Leafs,Regular
2025,2,8,Nashville Predators,Buffalo Sabres,Regular
2025,2,8,Minnesota Wild,New York Islanders,Regular
2025,2,8,San Jose Sharks,Dallas Stars,Regular
2025,2,8,Los Angeles Kings,Anaheim Ducks,Regular
2025,2,8,Calgary Flames,Seattle Kraken,Regular
2025,2,9,Washington Capitals,Utah Hockey Club,Regular
2025,2,9,Montreal Canadiens,Tampa Bay Lightning,Regular
2025,2,22,Philadelphia Flyers,Edmonton Oilers,Regular
2025,2,22,Pittsburgh Penguins,Washington Capitals,Regular
2025,2,22,Detroit Red Wings,Minnesota Wild,Regular
2025,2,22,Buffalo Sabres,New York Rangers,Regular
2025,2,22,Nashville Predators,Colorado Avalanche,Regular
2025,2,22,Florida Panthers,Seattle Kraken,Regular
2025,2,22,Ottawa Senators,Montreal Canadiens,Regular
2025,2,22,Toronto Maple Leafs,Carolina Hurricanes,Regular
2025,2,22,Columbus Blue Jackets,Chicago Blackhawks,Regular
2025,2,22,St. Louis Blues,Winnipeg Jets,Regular
2025,2,22,Boston Bruins,Anaheim Ducks,Regular
2025,2,22,Los Angeles Kings,Utah Hockey Club,Regular
2025,2,22,Vegas Golden Knights,Vancouver Canucks,Regular
2025,2,22,New Jersey Devils,Dallas Stars,Regular
2025,2,23,Washington Capitals,Edmonton Oilers,Regular
2025,2,23,Pittsburgh Penguins,New York Rangers,Regular
2025,2,23,Tampa Bay Lightning,Seattle Kraken,Regular
2025,2,23,Nashville Predators,New Jersey Devils,Regular
2025,2,23,St. Louis Blues,Colorado Avalanche,Regular
2025,2,23,Detroit Red Wings,Anaheim Ducks,Regular
2025,2,23,Chicago Blackhawks,Toronto Maple Leafs,Regular
2025,2,23,New York Islanders,Dallas Stars,Regular
2025,2,23,Utah Hockey Club,Vancouver Canucks,Regular
2025,2,23,Calgary Flames,San Jose Sharks,Regular
2025,2,24,Winnipeg Jets,San Jose Sharks,Regular
2025,2,24,Los Angeles Kings,Vegas Golden Knights,Regular
2025,2,25,Washington Capitals,Calgary Flames,Regular
2025,2,25,Buffalo Sabres,Anaheim Ducks,Regular
2025,2,25,Montreal Canadiens,Carolina Hurricanes,Regular
2025,2,25,Columbus Blue Jackets,Dallas Stars,Regular
2025,2,25,Philadelphia Flyers,Pittsburgh Penguins,Regular
2025,2,25,Tampa Bay Lightning,Edmonton Oilers,Regular
2025,2,25,Boston Bruins,Toronto Maple Leafs,Regular
2025,2,25,New York Islanders,New York Rangers,Regular
2025,2,25,St. Louis Blues,Seattle Kraken,Regular
2025,2,25,Nashville Predators,Florida Panthers,Regular
2025,2,25,Minnesota Wild,Detroit Red Wings,Regular
2025,2,25,Utah Hockey Club,Chicago Blackhawks,Regular
2025,2,26,Ottawa Senators,Winnipeg Jets,Regular
2025,2,26,Colorado Avalanche,New Jersey Devils,Regular
2025,2,26,Los Angeles Kings,Vancouver Canucks,Regular
2025,2,27,Washington Capitals,St. Louis Blues,Regular
2025,2,27,Florida Panthers,Edmonton Oilers,Regular
2025,2,27,Detroit Red Wings,Columbus Blue Jackets,Regular
2025,2,27,Tampa Bay Lightning,Calgary Flames,Regular
2025,2,27,Carolina Hurricanes,Buffalo Sabres,Regular
2025,2,27,Montreal Canadiens,San Jose Sharks,Regular
2025,2,27,Pittsburgh Penguins,Philadelphia Flyers,Regular
2025,2,27,Boston Bruins,New York Islanders,Regular
2025,2,27,Nashville Predators,Winnipeg Jets,Regular
2025,2,27,Utah Hockey Club,Minnesota Wild,Regular
2025,2,27,Vegas Golden Knights,Chicago Blackhawks,Regular
2025,2,27,Anaheim Ducks,Vancouver Canucks,Regular
2025,2,28,New York Rangers,Toronto Maple Leafs,Regular
2025,2,28,Dallas Stars,Los Angeles Kings,Regular
2025,2,28,Colorado Avalanche,Minnesota Wild,Regular
2025,3,1,Washington Capitals,Tampa Bay Lightning,Regular
2025,3,1,Florida Panthers,Calgary Flames,Regular
2025,3,1,Pittsburgh Penguins,Boston Bruins,Regular
2025,3,1,Winnipeg Jets,Philadelphia Flyers,Regular
2025,3,1,Buffalo Sabres,Montreal Canadiens,Regular
2025,3,1,Carolina Hurricanes,Edmonton Oilers,Regular
2025,3,1,Columbus Blue Jackets,Detroit Red Wings,Regular
2025,3,1,Ottawa Senators,San Jose Sharks,Regular
2025,3,1,St. Louis Blues,Los Angeles Kings,Regular
2025,3,1,Utah Hockey Club,New Jersey Devils,Regular
2025,3,1,Seattle Kraken,Vancouver Canucks,Regular
2025,3,1,Anaheim Ducks,Chicago Blackhawks,Regular
2025,3,1,New York Islanders,Nashville Predators,Regular
2025,3,2,Pittsburgh Penguins,Toronto Maple Leafs,Regular
2025,3,2,Minnesota Wild,Boston Bruins,Regular
2025,3,2,Carolina Hurricanes,Calgary Flames,Regular
2025,3,2,Dallas Stars,St. Louis Blues,Regular
2025,3,2,New York Rangers,Nashville Predators,Regular
2025,3,2,Vegas Golden Knights,New Jersey Devils,Regular
2025,3,3,Washington Capitals,Ottawa Senators,Regular
2025,3,3,New York Rangers,New York Islanders,Regular
2025,3,3,Montreal Canadiens,Buffalo Sabres,Regular
2025,3,3,Florida Panthers,Tampa Bay Lightning,Regular
2025,3,3,Toronto Maple Leafs,San Jose Sharks,Regular
2025,3,3,Chicago Blackhawks,Los Angeles Kings,Regular
2025,3,4,Tampa Bay Lightning,Columbus Blue Jackets,Regular
2025,3,4,Philadelphia Flyers,Calgary Flames,Regular
2025,3,4,Buffalo Sabres,San Jose Sharks,Regular
2025,3,4,Detroit Red Wings,Carolina Hurricanes,Regular
2025,3,4,Boston Bruins,Nashville Predators,Regular
2025,3,4,New York Islanders,Winnipeg Jets,Regular
2025,3,4,Dallas Stars,New Jersey Devils,Regular
2025,3,4,Colorado Avalanche,Pittsburgh Penguins,Regular
2025,3,4,Edmonton Oilers,Anaheim Ducks,Regular
2025,3,4,Seattle Kraken,Minnesota Wild,Regular
2025,3,5,New York Rangers,Washington Capitals,Regular
2025,3,5,Chicago Blackhawks,Ottawa Senators,Regular
2025,3,5,Vegas Golden Knights,Toronto Maple Leafs,Regular
2025,3,5,Los Angeles Kings,St. Louis Blues,Regular
2025,3,5,Vancouver Canucks,Anaheim Ducks,Regular
2025,3,6,Florida Panthers,Columbus Blue Jackets,Regular
2025,3,6,Tampa Bay Lightning,Buffalo Sabres,Regular
2025,3,6,Carolina Hurricanes,Boston Bruins,Regular
2025,3,6,Detroit Red Wings,Utah Hockey Club,Regular
2025,3,6,Philadelphia Flyers,Winnipeg Jets,Regular
2025,3,6,Nashville Predators,Seattle Kraken,Regular
2025,3,6,Dallas Stars,Calgary Flames,Regular
2025,3,6,Edmonton Oilers,Montreal Canadiens,Regular
2025,3,6,Colorado Avalanche,San Jose Sharks,Regular
2025,3,7,Washington Capitals,Detroit Red Wings,Regular
2025,3,7,Chicago Blackhawks,Utah Hockey Club,Regular
2025,3,7,Vegas Golden Knights,Pittsburgh Penguins,Regular
2025,3,7,Vancouver Canucks,Minnesota Wild,Regular
2025,3,7,Anaheim Ducks,St. Louis Blues,Regular
2025,3,7,New Jersey Devils,Winnipeg Jets,Regular
2025,3,8,Tampa Bay Lightning,Boston Bruins,Regular
2025,3,8,Florida Panthers,Buffalo Sabres,Regular
2025,3,8,Calgary Flames,Montreal Canadiens,Regular
2025,3,8,Colorado Avalanche,Toronto Maple Leafs,Regular
2025,3,8,Los Angeles Kings,St. Louis Blues,Regular
2025,3,8,Nashville Predators,Chicago Blackhawks,Regular
2025,3,8,Edmonton Oilers,Dallas Stars,Regular
2025,3,8,San Jose Sharks,New York Islanders,Regular
2025,3,8,Ottawa Senators,New York Rangers,Regular
2025,3,8,Philadelphia Flyers,Seattle Kraken,Regular
2025,3,9,Washington Capitals,Seattle Kraken,Regular
2025,3,9,Philadelphia Flyers,New Jersey Devils,Regular
2025,3,9,Minnesota Wild,Pittsburgh Penguins,Regular
2025,3,9,Carolina Hurricanes,Winnipeg Jets,Regular
2025,3,9,New York Rangers,Columbus Blue Jackets,Regular
2025,3,9,Vegas Golden Knights,Los Angeles Kings,Regular
2025,3,9,Vancouver Canucks,Dallas Stars,Regular
2025,3,9,Anaheim Ducks,New York Islanders,Regular
2025,3,10,Buffalo Sabres,Edmonton Oilers,Regular
2025,3,10,Ottawa Senators,Detroit Red Wings,Regular
2025,3,10,Colorado Avalanche,Chicago Blackhawks,Regular
2025,3,10,Utah Hockey Club,Toronto Maple Leafs,Regular
2025,3,11,Philadelphia Flyers,Ottawa Senators,Regular
2025,3,11,Carolina Hurricanes,Tampa Bay Lightning,Regular
2025,3,11,Winnipeg Jets,New York Rangers,Regular
2025,3,11,Pittsburgh Penguins,Vegas Golden Knights,Regular
2025,3,11,Boston Bruins,Florida Panthers,Regular
2025,3,11,Minnesota Wild,Colorado Avalanche,Regular
2025,3,11,Vancouver Canucks,Montreal Canadiens,Regular
2025,3,11,Anaheim Ducks,Washington Capitals,Regular
2025,3,11,San Jose Sharks,Nashville Predators,Regular
2025,3,11,Los Angeles Kings,New York Islanders,Regular
2025,3,11,New Jersey Devils,Columbus Blue Jackets,Regular
2025,3,12,Detroit Red Wings,Buffalo Sabres,Regular
2025,3,12,Utah Hockey Club,Anaheim Ducks,Regular
2025,3,12,Calgary Flames,Vancouver Canucks,Regular
2025,3,12,Seattle Kraken,Montreal Canadiens,Regular
2025,3,13,Toronto Maple Leafs,Florida Panthers,Regular
2025,3,13,Columbus Blue Jackets,Vegas Golden Knights,Regular
2025,3,13,Ottawa Senators,Boston Bruins,Regular
2025,3,13,Philadelphia Flyers,Tampa Bay Lightning,Regular
2025,3,13,Pittsburgh Penguins,St. Louis Blues,Regular
2025,3,13,Minnesota Wild,New York Rangers,Regular
2025,3,13,Los Angeles Kings,Washington Capitals,Regular
2025,3,13,San Jose Sharks,Chicago Blackhawks,Regular
2025,3,13,New Jersey Devils,Edmonton Oilers,Regular
2025,3,14,Winnipeg Jets,Dallas Stars,Regular
2025,3,14,Carolina Hurricanes,Detroit Red Wings,Regular
2025,3,14,New York Islanders,Edmonton Oilers,Regular
2025,3,14,Calgary Flames,Colorado Avalanche,Regular
2025,3,14,Seattle Kraken,Utah Hockey Club,Regular
2025,3,14,Anaheim Ducks,Nashville Predators,Regular
2025,3,15,Pittsburgh Penguins,New Jersey Devils,Regular
2025,3,15,San Jose Sharks,Washington Capitals,Regular
2025,3,15,Montreal Canadiens,Florida Panthers,Regular
2025,3,15,Columbus Blue Jackets,New York Rangers,Regular
2025,3,15,Philadelphia Flyers,Carolina Hurricanes,Regular
2025,3,15,Toronto Maple Leafs,Ottawa Senators,Regular
2025,3,15,Boston Bruins,Tampa Bay Lightning,Regular
2025,3,15,Minnesota Wild,St. Louis Blues,Regular
2025,3,15,Los Angeles Kings,Nashville Predators,Regular
2025,3,15,Vancouver Canucks,Chicago Blackhawks,Regular
2025,3,15,Buffalo Sabres,Vegas Golden Knights,Regular
2025,3,16,Detroit Red Wings,Vegas Golden Knights,Regular
2025,3,16,Colorado Avalanche,Dallas Stars,Regular
2025,3,16,St. Louis Blues,Anaheim Ducks,Regular
2025,3,16,New York Rangers,Edmonton Oilers,Regular
2025,3,16,New York Islanders,Florida Panthers,Regular
2025,3,16,Vancouver Canucks,Utah Hockey Club,Regular
2025,3,16,Seattle Kraken,Winnipeg Jets,Regular
2025,3,17,Columbus Blue Jackets,New Jersey Devils,Regular
2025,3,17,Tampa Bay Lightning,Philadelphia Flyers,Regular
2025,3,17,Boston Bruins,Buffalo Sabres,Regular
2025,3,17,Toronto Maple Leafs,Calgary Flames,Regular
2025,3,17,Minnesota Wild,Los Angeles Kings,Regular
2025,3,18,Washington Capitals,Detroit Red Wings,Regular
2025,3,18,New York Rangers,Calgary Flames,Regular
2025,3,18,Montreal Canadiens,Ottawa Senators,Regular
2025,3,18,Pittsburgh Penguins,New York Islanders,Regular
2025,3,18,Nashville Predators,St. Louis Blues,Regular
2025,3,18,Dallas Stars,Anaheim Ducks,Regular
2025,3,18,Chicago Blackhawks,Seattle Kraken,Regular
2025,3,18,Edmonton Oilers,Utah Hockey Club,Regular
2025,3,18,Vancouver Canucks,Winnipeg Jets,Regular
2025,3,19,Toronto Maple Leafs,Colorado Avalanche,Regular
2025,3,19,Minnesota Wild,Seattle Kraken,Regular
2025,3,20,Washington Capitals,Philadelphia Flyers,Regular
2025,3,20,New York Rangers,Toronto Maple Leafs,Regular
2025,3,20,Ottawa Senators,Colorado Avalanche,Regular
2025,3,20,Columbus Blue Jackets,Florida Panthers,Regular
2025,3,20,New York Islanders,Montreal Canadiens,Regular
2025,3,20,Dallas Stars,Tampa Bay Lightning,Regular
2025,3,20,Nashville Predators,Anaheim Ducks,Regular
2025,3,20,St. Louis Blues,Vancouver Canucks,Regular
2025,3,20,Chicago Blackhawks,Los Angeles Kings,Regular
2025,3,20,Utah Hockey Club,Buffalo Sabres,Regular
2025,3,20,Edmonton Oilers,Winnipeg Jets,Regular
2025,3,20,Vegas Golden Knights,Boston Bruins,Regular
2025,3,20,San Jose Sharks,Carolina Hurricanes,Regular
2025,3,20,New Jersey Devils,Calgary Flames,Regular
2025,3,21,Pittsburgh Penguins,Columbus Blue Jackets,Regular
2025,3,22,Washington Capitals,Florida Panthers,Regular
2025,3,22,New York Rangers,Vancouver Canucks,Regular
2025,3,22,Dallas Stars,Philadelphia Flyers,Regular
2025,3,22,Minnesota Wild,Buffalo Sabres,Regular
2025,3,22,St. Louis Blues,Chicago Blackhawks,Regular
2025,3,22,Los Angeles Kings,Carolina Hurricanes,Regular
2025,3,22,New York Islanders,Calgary Flames,Regular
2025,3,22,Utah Hockey Club,Tampa Bay Lightning,Regular
2025,3,22,Nashville Predators,Toronto Maple Leafs,Regular
2025,3,22,Montreal Canadiens,Colorado Avalanche,Regular
2025,3,22,Vegas Golden Knights,Detroit Red Wings,Regular
2025,3,22,Edmonton Oilers,Seattle Kraken,Regular
2025,3,22,San Jose Sharks,Boston Bruins,Regular
2025,3,22,New Jersey Devils,Ottawa Senators,Regular
2025,3,23,Winnipeg Jets,Buffalo Sabres,Regular
2025,3,23,Chicago Blackhawks,Philadelphia Flyers,Regular
2025,3,23,St. Louis Blues,Nashville Predators,Regular
2025,3,23,Florida Panthers,Pittsburgh Penguins,Regular
2025,3,23,Vegas Golden Knights,Tampa Bay Lightning,Regular
2025,3,23,Anaheim Ducks,Carolina Hurricanes,Regular
2025,3,23,Los Angeles Kings,Boston Bruins,Regular
2025,3,24,New York Islanders,Columbus Blue Jackets,Regular
2025,3,24,Dallas Stars,Minnesota Wild,Regular
2025,3,24,Utah Hockey Club,Detroit Red Wings,Regular
2025,3,24,New Jersey Devils,Vancouver Canucks,Regular
2025,3,25,Winnipeg Jets,Washington Capitals,Regular
2025,3,25,Tampa Bay Lightning,Pittsburgh Penguins,Regular
2025,3,25,Carolina Hurricanes,Nashville Predators,Regular
2025,3,25,Buffalo Sabres,Ottawa Senators,Regular
2025,3,25,Toronto Maple Leafs,Philadelphia Flyers,Regular
2025,3,25,St. Louis Blues,Montreal Canadiens,Regular
2025,3,25,Minnesota Wild,Vegas Golden Knights,Regular
2025,3,25,Colorado Avalanche,Detroit Red Wings,Regular
2025,3,25,Calgary Flames,Seattle Kraken,Regular
2025,3,25,Los Angeles Kings,New York Rangers,Regular
2025,3,26,New York Islanders,Vancouver Canucks,Regular
2025,3,26,Chicago Blackhawks,New Jersey Devils,Regular
2025,3,26,Edmonton Oilers,Dallas Stars,Regular
2025,3,26,Anaheim Ducks,Boston Bruins,Regular
2025,3,27,Philadelphia Flyers,Montreal Canadiens,Regular
2025,3,27,Buffalo Sabres,Pittsburgh Penguins,Regular
2025,3,27,Detroit Red Wings,Ottawa Senators,Regular
2025,3,27,Tampa Bay Lightning,Utah Hockey Club,Regular
2025,3,27,Minnesota Wild,Washington Capitals,Regular
2025,3,27,Nashville Predators,St. Louis Blues,Regular
2025,3,27,Calgary Flames,Dallas Stars,Regular
2025,3,27,Colorado Avalanche,Los Angeles Kings,Regular
2025,3,27,Seattle Kraken,Edmonton Oilers,Regular
2025,3,27,San Jose Sharks,Toronto Maple Leafs,Regular
2025,3,28,Winnipeg Jets,New Jersey Devils,Regular
2025,3,28,Florida Panthers,Utah Hockey Club,Regular
2025,3,28,Columbus Blue Jackets,Vancouver Canucks,Regular
2025,3,28,Carolina Hurricanes,Montreal Canadiens,Regular
2025,3,28,Chicago Blackhawks,Vegas Golden Knights,Regular
2025,3,28,Anaheim Ducks,New York Rangers,Regular
2025,3,29,Philadelphia Flyers,Buffalo Sabres,Regular
2025,3,29,Tampa Bay Lightning,New York Islanders,Regular
2025,3,29,Colorado Avalanche,St. Louis Blues,Regular
2025,3,29,Minnesota Wild,New Jersey Devils,Regular
2025,3,29,Los Angeles Kings,Toronto Maple Leafs,Regular
2025,3,29,Ottawa Senators,Columbus Blue Jackets,Regular
2025,3,29,Detroit Red Wings,Boston Bruins,Regular
2025,3,29,Nashville Predators,Vegas Golden Knights,Regular
2025,3,29,Edmonton Oilers,Calgary Flames,Regular
2025,3,29,Seattle Kraken,Dallas Stars,Regular
2025,3,29,San Jose Sharks,New York Rangers,Regular
2025,3,30,Washington Capitals,Buffalo Sabres,Regular
2025,3,30,Florida Panthers,Montreal Canadiens,Regular
2025,3,30,Winnipeg Jets,Vancouver Canucks,Regular
2025,3,30,Chicago Blackhawks,Utah Hockey Club,Regular
2025,3,30,Carolina Hurricanes,New York Islanders,Regular
2025,3,30,Pittsburgh Penguins,Ottawa Senators,Regular
2025,3,30,Anaheim Ducks,Toronto Maple Leafs,Regular
2025,3,30,Los Angeles Kings,San Jose Sharks,Regular
2025,3,31,Philadelphia Flyers,Nashville Predators,Regular
2025,3,31,Colorado Avalanche,Calgary Flames,Regular
2025,3,31,Seattle Kraken,Dallas Stars,Regular
2025,3,31,New Jersey Devils,Minnesota Wild,Regular
2025,4,1,Montreal Canadiens,Florida Panthers,Regular
2025,4,1,Columbus Blue Jackets,Nashville Predators,Regular
2025,4,1,Ottawa Senators,Buffalo Sabres,Regular
2025,4,1,Boston Bruins,Washington Capitals,Regular
2025,4,1,New York Islanders,Tampa Bay Lightning,Regular
2025,4,1,St. Louis Blues,Detroit Red Wings,Regular
2025,4,1,Utah Hockey Club,Calgary Flames,Regular
2025,4,1,Vegas Golden Knights,Edmonton Oilers,Regular
2025,4,1,Anaheim Ducks,San Jose Sharks,Regular
2025,4,1,Los Angeles Kings,Winnipeg Jets,Regular
2025,4,2,New York Rangers,Minnesota Wild,Regular
2025,4,2,Carolina Hurricanes,Washington Capitals,Regular
2025,4,2,Toronto Maple Leafs,Florida Panthers,Regular
2025,4,2,Chicago Blackhawks,Colorado Avalanche,Regular
2025,4,2,Vancouver Canucks,Seattle Kraken,Regular
2025,4,3,Ottawa Senators,Tampa Bay Lightning,Regular
2025,4,3,Montreal Canadiens,Boston Bruins,Regular
2025,4,3,Columbus Blue Jackets,Colorado Avalanche,Regular
2025,4,3,St. Louis Blues,Pittsburgh Penguins,Regular
2025,4,3,Dallas Stars,Nashville Predators,Regular
2025,4,3,Utah Hockey Club,Los Angeles Kings,Regular
2025,4,3,Calgary Flames,Anaheim Ducks,Regular
2025,4,3,Vegas Golden Knights,Winnipeg Jets,Regular
2025,4,3,San Jose Sharks,Edmonton Oilers,Regular
2025,4,4,Washington Capitals,Chicago Blackhawks,Regular
2025,4,4,Detroit Red Wings,Carolina Hurricanes,Regular
2025,4,4,New York Islanders,Minnesota Wild,Regular
2025,4,5,Ottawa Senators,Florida Panthers,Regular
2025,4,5,Dallas Stars,Pittsburgh Penguins,Regular
2025,4,5,Vancouver Canucks,Anaheim Ducks,Regular
2025,4,5,Los Angeles Kings,Edmonton Oilers,Regular
2025,4,5,Utah Hockey Club,Winnipeg Jets,Regular
2025,4,5,St. Louis Blues,Colorado Avalanche,Regular
2025,4,5,Buffalo Sabres,Tampa Bay Lightning,Regular
2025,4,5,Toronto Maple Leafs,Columbus Blue Jackets,Regular
2025,4,5,Montreal Canadiens,Philadelphia Flyers,Regular
2025,4,5,Boston Bruins,Carolina Hurricanes,Regular
2025,4,5,New Jersey Devils,New York Rangers,Regular
2025,4,5,San Jose Sharks,Seattle Kraken,Regular
2025,4,5,Calgary Flames,Vegas Golden Knights,Regular
2025,4,6,Minnesota Wild,Dallas Stars,Regular
2025,4,6,Detroit Red Wings,Florida Panthers,Regular
2025,4,6,Chicago Blackhawks,Pittsburgh Penguins,Regular
2025,4,6,Buffalo Sabres,Boston Bruins,Regular
2025,4,6,Nashville Predators,Montreal Canadiens,Regular
2025,4,6,Ottawa Senators,Columbus Blue Jackets,Regular
2025,4,6,Vancouver Canucks,Vegas Golden Knights,Regular
2025,4,6,New York Islanders,Washington Capitals,Regular
2025,4,7,Winnipeg Jets,St. Louis Blues,Regular
2025,4,7,New York Rangers,Tampa Bay Lightning,Regular
2025,4,7,San Jose Sharks,Calgary Flames,Regular
2025,4,7,Los Angeles Kings,Seattle Kraken,Regular
2025,4,7,Anaheim Ducks,Edmonton Oilers,Regular
2025,4,8,Florida Panthers,Toronto Maple Leafs,Regular
2025,4,8,Montreal Canadiens,Detroit Red Wings,Regular
2025,4,8,Columbus Blue Jackets,Ottawa Senators,Regular
2025,4,8,Buffalo Sabres,Carolina Hurricanes,Regular
2025,4,8,Pittsburgh Penguins,Chicago Blackhawks,Regular
2025,4,8,Nashville Predators,New York Islanders,Regular
2025,4,8,Utah Hockey Club,Seattle Kraken,Regular
2025,4,8,Colorado Avalanche,Vegas Golden Knights,Regular
2025,4,8,Dallas Stars,Vancouver Canucks,Regular
2025,4,8,New Jersey Devils,Boston Bruins,Regular
2025,4,9,Tampa Bay Lightning,Toronto Maple Leafs,Regular
2025,4,9,New York Rangers,Philadelphia Flyers,Regular
2025,4,9,Minnesota Wild,San Jose Sharks,Regular
2025,4,9,Edmonton Oilers,St. Louis Blues,Regular
2025,4,9,Anaheim Ducks,Calgary Flames,Regular
2025,4,10,Washington Capitals,Carolina Hurricanes,Regular
2025,4,10,Florida Panthers,Detroit Red Wings,Regular
2025,4,10,Columbus Blue Jackets,Buffalo Sabres,Regular
2025,4,10,Boston Bruins,Chicago Blackhawks,Regular
2025,4,10,New York Islanders,New York Rangers,Regular
2025,4,10,Dallas Stars,Winnipeg Jets,Regular
2025,4,10,Utah Hockey Club,Nashville Predators,Regular
2025,4,10,Colorado Avalanche,Vancouver Canucks,Regular
2025,4,10,Vegas Golden Knights,Seattle Kraken,Regular
2025,4,10,Los Angeles Kings,Anaheim Ducks,Regular
2025,4,11,Ottawa Senators,Montreal Canadiens,Regular
2025,4,11,Tampa Bay Lightning,Detroit Red Wings,Regular
2025,4,11,Edmonton Oilers,San Jose Sharks,Regular
2025,4,11,Calgary Flames,Minnesota Wild,Regular
2025,4,11,New Jersey Devils,Pittsburgh Penguins,Regular
2025,4,12,Philadelphia Flyers,New York Islanders,Regular
2025,4,12,Carolina Hurricanes,New York Rangers,Regular
2025,4,12,Los Angeles Kings,Colorado Avalanche,Regular
2025,4,12,Florida Panthers,Buffalo Sabres,Regular
2025,4,12,Toronto Maple Leafs,Montreal Canadiens,Regular
2025,4,12,Chicago Blackhawks,Winnipeg Jets,Regular
2025,4,12,Columbus Blue Jackets,Washington Capitals,Regular
2025,4,12,Dallas Stars,Utah Hockey Club,Regular
2025,4,12,Vancouver Canucks,Minnesota Wild,Regular
2025,4,12,Vegas Golden Knights,Nashville Predators,Regular
2025,4,12,Seattle Kraken,St. Louis Blues,Regular
2025,4,13,Washington Capitals,Columbus Blue Jackets,Regular
2025,4,13,Ottawa Senators,Philadelphia Flyers,Regular
2025,4,13,Pittsburgh Penguins,Boston Bruins,Regular
2025,4,13,Carolina Hurricanes,Toronto Maple Leafs,Regular
2025,4,13,Tampa Bay Lightning,Buffalo Sabres,Regular
2025,4,13,Winnipeg Jets,Edmonton Oilers,Regular
2025,4,13,Calgary Flames,San Jose Sharks,Regular
2025,4,13,Anaheim Ducks,Colorado Avalanche,Regular
2025,4,13,New Jersey Devils,New York Islanders,Regular
2025,4,14,Florida Panthers,New York Rangers,Regular
2025,4,14,Montreal Canadiens,Chicago Blackhawks,Regular
2025,4,14,Detroit Red Wings,Dallas Stars,Regular
2025,4,14,Nashville Predators,Utah Hockey Club,Regular
2025,4,14,Edmonton Oilers,Los Angeles Kings,Regular
2025,4,14,Vancouver Canucks,San Jose Sharks,Regular
2025,4,15,Tampa Bay Lightning,Florida Panthers,Regular
2025,4,15,Ottawa Senators,Chicago Blackhawks,Regular
2025,4,15,Buffalo Sabres,Toronto Maple Leafs,Regular
2025,4,15,Philadelphia Flyers,Columbus Blue Jackets,Regular
2025,4,15,Boston Bruins,New Jersey Devils,Regular
2025,4,15,New York Islanders,Washington Capitals,Regular
2025,4,15,St. Louis Blues,Utah Hockey Club,Regular
2025,4,15,Minnesota Wild,Anaheim Ducks,Regular
2025,4,15,Calgary Flames,Vegas Golden Knights,Regular
2025,4,15,Seattle Kraken,Los Angeles Kings,Regular
2025,4,16,Winnipeg Jets,Anaheim Ducks,Regular
2025,4,16,Montreal Canadiens,Carolina Hurricanes,Regular
2025,4,16,Nashville Predators,Dallas Stars,Regular
2025,4,16,Vancouver Canucks,Vegas Golden Knights,Regular
2025,4,16,San Jose Sharks,Edmonton Oilers,Regular
2025,4,16,New Jersey Devils,Detroit Red Wings,Regular
2025,4,17,New York Rangers,Tampa Bay Lightning,Regular
2025,4,17,Columbus Blue Jackets,New York Islanders,Regular
2025,4,17,Ottawa Senators,Carolina Hurricanes,Regular
2025,4,17,Buffalo Sabres,Philadelphia Flyers,Regular
2025,4,17,Toronto Maple Leafs,Detroit Red Wings,Regular
2025,4,17,Pittsburgh Penguins,Washington Capitals,Regular
